Group;Users
GG-DES-LX-WHEEL;jpierest,taresakk,hugumahe,jereleud,kevidugu,seifkaro,hervbels
GG-DES-LX-EODE;mirechev
GG-DES-LX-MSR;berntalb
GG-DES-LX-PLATINE;sylvlecl,pdundaut,berntalb,perte,pasctour,didicast,olivbret,geofjamg,marsi2,emillroc,samiissa,hervlefe,sylvlecl,ericmomo
GG-DES-LX-FASRC;fgu,damiroux,nixxding,marcgali,sebapeti,genesomm,vlixnguy
GG-DES-LX-INCONNU;astre,geofjamg,perte,mirechev,msopbala,talbot,damiroux,jacqbors,jyvebour,genesomm,hervlefe,emillroc,jeanmaeg,mathbagu,remyclem,mga
GG-DES-LX-CCADMIN;ccprelud,gsr,metris,lucasalu,
GG-DES-LX-PRELUDE;pladmbl,pluserbl,jacqbors,nicoomon,albeteje
GG-DES-LX-TESE;philcarp
GG-DES-LX-PERTE;didicast
GG-DES-LX-EUROSTAG;sylvgiud,damiroux,msopbala,jyvebous,jbapheyb,favrt,sebapeti,sebamurg,nixxding,geofjamg,marcgali,pengwang,mathbagu,genesomm,vlixnguy,adriguir,romaloss,gautbure
GG-DES-LX-ARCADE;franlecu,jbapheyb,geofjamg,mattduss,damiroux,jacqbors,sylvlecl
GG-DES-LX-CVSUSERS;admincvs,anoncvs,emmarogu
GG-DES-LX-RSCT;damiroux,jyvebous,fgu,sebapeti,nixxding,marcgali,genesomm,vlixnguy
GG-DES-LX-MER;didicast
GG-DES-LX-EODECONF;mirechev,
GG-DES-LX-RSTNGRP;jyvebous,fgu,sector,damiroux,sebapeti,nixxding,marcgali,genesomm,vlixnguy
GG-DES-LX-MATLAB;ps_mat1
GG-DES-LX-SGEP;mirechev,pasctour,
GG-DES-LX-EOF;emelguiu
GG-DES-LX-CDP_PROD;philjust,emelguiu,pdundaut,rudynoyo,jabochao
GG-DES-LX-DIAGUQ;philjust,pasctour,jyvebous,mattduss,geofjamg,emelguiu
GG-DES-LX-SURVOL;emelguiu,
GG-DES-LX-SVNUSERS;geofjamg,mattduss,msopbala,emillroc,
GG-DES-LX-PREOLE;emelguiu,
GG-DES-LX-EOLIEN;emelguiu,genesomm,maxifort,albeteje
GG-DES-LX-ANTARES;franguil,papandia,lucasalu,robegonz,aclalege,pdundaut,ericmomo,michdoqu,michboul,nathgris,jalazawa,baptsegu,fredbrea,sylvmara,guilpier,manuruiz,manuruiz
GG-DES-LX-PTFIGES;baptsegu,ftpsnc,perte,olivbret,Samiissa,niconoir,mirechev,robegonz,pfesnc,jmarjans,gautplou,stepflis,hervlefe,jeanmaeg,florxavi,sylvlecl,soprano,youszaki
GG-DES-LX-POWERVISU;thibprev,emelguiu,emmaneaU
GG-DES-LX-OPTIMATE;papandia,jyvebour,michboul,jalazawa,marcschu,fredbien,rudynoyo,
GG-DES-LX-DREAM;jmarjans,olivperr,
GG-DES-LX-PHOTOVOLTAIQUE;emelguiu,genesomm,maxifort,rudynoyo,seifkaro,hugumahe
GG-DES-LX-PCUSER;pcuser
GG-DES-LX-DYNAMO;geofjamg,sebapeti,youszaki,sebamurg,pengwang,mathbagu,marisaug,hervlefe,tensinc,piermarq,cedrtheb,marisaug,xinhzhan,rudynoyo,vlixnguy,romaloss,gautbure
GG-DES-LX-APOGEE;apogee,thiemand,benjdonn,olivbret,jmarjans,mattduss,antomaro,marcgali,olivperr,davibind
GG-DES-LX-PREVILAB;maxifort,annetill,albeteje,jlucbell,previlab
GG-DES-LX-GSR;benjdonn,yousakel,davibind,antoreyn,dynamo,marcgali,beatfaur,damiroux,olivperr,geofjamg,stepflis,mattduss,pdundaut,jbapheyb,mirechev,olivbret,jyvebour,franlecu,stepflis,jacqbors,emillroc,thibprev,jeanmaeg,sylvlecl,mathbagu,franlong,berntalb,msopbala,lucasalu,robegonz,gautplou,jmarjmoians,modeles,sebapeti,sebamurg,adriatay,laurgarn,adriguir,nicolhui,youszaki,pasctour,perte,jeropica,pengwang,convergence,nicolhui,tensinc,marifunf,antomaro,alesdlal,leoxjean,alixahad,chribous,maurmfou,sylvgiud,thiebarr,damijean,adribrou,apogee,piermarq,cedrtheb,gerapays,michtheo,thiemand,camipach,manuruiz,jerebert,gilbbitt,basseche,aurehave,marcchia,rudynoyo,vlixnguy,seifbtem,alexklim,monibise,xinhzhan,marisaug,cedrrull,romaloss,sebamarc,nicoduch,viktterr,stefcamp,boubbrah,gautbure
GG-DES-LX-CONVERGENCE;alixaith,benjdonn,amarslim,mathbagu,jacqbors,laurdupr,marifunf,laurgarn,franlecu,franlong,niconoir,jeropica,convergence,lucasalu,nicolhui,tensinc,mirechev,alesdlal,pasctour,leoxjean,laurbuss,yousakel,chribous,maurmfou,sylvgiud,thiebarr,piermarq,cedrtheb,michtheo,manuruiz,aurehave,sylvlecl,seifbtem,adriguir,xinhzhan,marisaug,youszaki,sebapeti,pengwang,i,cedrrull,romaloss,sebamarc,viktterr,stefcamp,gautbure
GG-DES-LX-CVGRESTRICTED;mathbagu,yousakel,chribous,basseche,gilbbitt,sylvgiud
GG-DES-LX-G_;emelguiu,jbapheyb,
GG-DES-LX-G_ITESLA;itesla
GG-DES-LX-GIT_ANTARES_UI;franguil,papandia,jyvebour,robegonz,michdoqu,michboul,jalazawa,baptsegu,sylvmara,guilpier,manuruiz,rudynoyo,
GG-DES-LX-SVN_DEPOTRST;jyvebous,sebapeti,damiroux,nixxding,marcgali,genesomm,favrt,vlixnguy,youszaki,rudynoyo
GG-DES-LX-GIT_ITESLA;benjdonn,sebapeti,geofjamg,olivbret,jbapheyb,itesla,olivperr,mirechev,nicogror,nicoomon,jeanmaeg,paulgamb,mathbagu,gitlab,sebamurg,rudynoyo,marifunf,tangjans,hubepich,vlixnguy
GG-DES-LX-SVN_DEPOTMODELCHARGE;philjust,hervlefe,jmardebr,emelguiu,gautplou
GG-DES-LX-GIT_APOGEE;thiemand,davibind,olivbret,jmarjans,mattduss,marcgali,olivperr,geofjamg,apogee,benjdonn,antomaro,damijean,adribrou,cedrtheb,samitazi,rudynoyo
GG-DES-LX-SVN_DEPOTPASSERELLE_CIM;olivbret,gautplou,niconoir,geofjamg,jmarjans,perte,laurdupr,yousakel,mathbagu,convergence,marifunf,pasctour,jeropica,adribrou,marcchia,seifbtem,pierrmarq,monibise,cedrtheb,rudynoyo,taresakk,viktterr
GG-DES-LX-GIT_PREMISPLUS;emmarogu,nicoomon,annetill,genesomm,cpreviconso,albeteje
GG-DES-LX-SVN_DEPOTOPENMODELICA;sebapeti,youszaki,sebamurg,pengwang,mathbagu,marisaug,hervlefe,tensinc,piermarq,vlixnguy,romaloss,gautbure
GG-DES-LX-SVN_DEPOTECP_LIB;franlecu,niconoir,slimamar,jeropica,mathbagu,laurgarn,sylvlecl
GG-DES-LX-GIT_;mattduss,olivbret,geofjamg,alexklim,papandia,thiedell,yousakel,marifunf
GG-DES-LX-SVN_DEPOTBDD_CONV;philcarp,gautplou
GG-DES-LX-GIT_INPROVE;briggest,olivperr,ayhauyan,alaiduto,daviperb
GG-DES-LX-GIT_ANTARES_RPACKAGEINANDOUT;franguil,jalazawa,michboul,michdoqu,baptsegu,
GG-DES-LX-GIT_MAESTRO;sylvlecl,sebamurg,sylvgiud,lassdans
GG-DES-LX-GIT_ORPHEE;colopeyr,cecidmon,
GG-DES-LX-GIT_ORPHEE_EUROPE;colopeyr,cecidmon,
GG-DES-LX-GIT_PRODUCTION_EOLIENNE;colopeyr,cecidmon,maxifort,piergout
GG-DES-LX-GIT_PRODUCTION_PHOTOVOLTAIQUE;colopeyr,cecidmon,baptsegu,maxifort,piergout
GG-DES-LX-GIT_ANTARES_RPACKAGEEDIT;franguil,jalazawa,michboul,michdoqu,baptsegu,
GG-DES-LX-GIT_ANTARES_RPACKAGEPROCESSING;franguil,jalazawa,michboul,michdoqu,baptsegu,
GG-DES-LX-GIT_ANTARES_RPACKAGEVIEW;franguil,jalazawa,michboul,michdoqu,baptsegu,
GG-DES-LX-GIT_LIBIIDM;geofjamg,mathbagu,pengwang,youszaki,piermarq,sebapeti,sebamurg,marisaug,hervlefe,tensinc,cedrtheb,xinhzhan,dynamo,gitlab,vlixnguy
GG-DES-LX-GIT_PNE;robegonz,manuruiz,baptsegu
GG-DES-LX-GIT_CONVERGENCE_CALCULCAPA;sebamurg,sylvlecl,sylvgiud,daviperb
GG-DES-LX-GIT_ANTARES_RPACKAGEMANIPULATEWIDGET;franguil,jalazawa,michboul,michdoqu,baptsegu,
GG-DES-LX-GIT_ANTARES_RPACKAGEPIVOTANTARES;franguil,jalazawa,michboul,michdoqu,baptsegu,romafran
GG-DES-LX-GIT_ANTARES_RPACKAGERANTARES;franguil,jalazawa,michboul,michdoqu,baptsegu,romafran
GG-DES-LX-GIT_ANTARES_RPACKAGEMAPSTUDIO;franguil,jalazawa,michboul,michdoqu,baptsegu,
GG-DES-LX-GIT_RINGO;nobody,vinclefi,notes,stepflis,franlafe,sector,testRSCT,rsct,ihmrsct,opersct,RSCT,expersct,cres,livsnc,robegonz,tsnc,nolog,perte,gsr,pf_SNC,eurostag,philcarp,cn2i_rs,asdt,pladmBO,pluserBO,patrpanc,pldata,pladmex,pluserEX,solagatx,versanta,jbapheyb,geofjamg,eode,rstn,rsctref,fabrguyx,ps_mat1,pladmbl,pluserbl,acct_ksh,pdundaut,philjust,sgepdma,berntalb,isabrena,samuscol,aclalege,fmaker,cc_data,arcade,jjacjoua,franlecu,pasctour,gamme,jmarmore,cft,devast2,astre,hervlefe,devast3,apostrsct,confrsct,fasrc,scada,gbo,jyb,mga,jma,fgu,macrez,asterx,favasrtr,favasret,favrt,metris,cresmed,guyxdela,bogdan,gaminteg,acct_csh,jyvebour,anoncvs,mirechev,sandalbo,olivdesp,simomore,fabrzaou,gamlivre,jyvebous,marcgali,hquintet,sebadoum,slimamar,franlong,lucasalu,brunlauz,platine,platine1,platine2,platine3,platine4,gabrbare,didicast,yacihass,platadm,arcmaint,ericbour,model,damiroux,gabrsime,benodelo,rsct2,esgass,smas3,asdt1,bogdmari,sideral,andrgiar,ccarcade,ccprelud,ccactor,admincvs,ccmetris,briggest,sshd,adminasr,pldevps,chrilimo,test1,pieragac,antobene,asrplref,gamlivre2,asrpl1,asrpl2,hades,mattduss,chriloua,jlucnico,davisimo,talbot,thibkett,emmarogu,msopbala,olivbret,fabrduba,asrref,assess,niconoir,badimall,jmardebr,benobran,vincserm,luismbar,sebahenr,fbi,jeromacr,emmabern,oracle,mcocn2i,emelguiu,antares,jpierest,marsi,marsi2,svnuser,yannphul,adminrpm,gwilpoul,lalaapoy,nicobieg,benjpeti,chricroc,yacichak,samiissa,thietang,brundele,jacqbors,r4ca,sebapeti,guillapi,genesomm,cedrboud,gautplou,emilmili,jiaxkang,davichal,mathdupu,thibprev,laurcast,convergence,jeanmaeg,modeles,ericmomo,admin,sylvlecl,mathbagu,galibarb,pfesnc,arnacost,damigera,kemarahm,romaverg,ftpsnc,remyclem,sylvdsus,angechie,jeanloge,jmarjans,michdoqu,cecidmon,brahbetr,xavilero,jerobarb,mathdeff,hervwern,nicoblan,alaifarg,shigzhux,bobxbell,laurdupr,marifunf,jmarcoul,florlouv,olivperr,marjposs,nicodebr,yousakel,benojean,dream,virgduss,youszaki,romasueu,sebagill,ioda,stepvand,vinccaza,guilploy,luisrami,chriderv,florxavi,adrifage,sebamurg,adriatay,chrilabe,paulfauc,stefheck,chribarr,fredevex,fredverr,stepchat,alexorti,soprano,emmasanv,cedrjosz,alexloye,ericpene,calefeze,nicoomon,malihass,davipete,olivvuda,dimigrab,samukabb,basstrik,samukaba,sylvraja,laurgarn,aminchou,ftpucte,alexguyo,ftppf,nixxding,arcadeV2,wuxxnixx,wuxxlixx,ftpfb,alexdebe,alexcoss,ismaalao,ftpadmin,sergagap,stanalle,damigarr,olivpeti,alexklim,adriguir,etiegarc,marimaen,jeanthor,ayoutoui,leoxmezi,leoxmezo,sergblum,guildeni,etiedesc,maribert,brahabbe,pavecure,nicolhui,vincphil,michboul,ftpsideral,ericrena,djamelya,jerelesu,victlucq,mbenadja,geofsena,valeboro,itesla,paulgamb,hervducl,chriyang,fikrhafi,jalazawa,camipach,nathgris,florsimo,sophsurm,pengwang,jeropica,arnacour,ftprstn,silomire,louisomm,papandia,doribret,guilpier,nicomore,annetill,ftpcdp,tensinc,jasmsali,marcschu,sarafara,yuchmaxx,benogaud,anasmakt,hamzbenn,xiaozhan,nicocout,nicoandr,mmoufame,nicoribe,mehdsaid,mathbong,violberg,coripoid,antomaro,florpeti,mehdalao,guilvand,thibvand,florfarg,camischw,pierstev,marisaug,dynamo,abdebeno,alesdlal,yacichao,beatfaur,mohahamd,benjdonn,leoxjean,dutoalai,alaiduto,maxidufo,nicogror,baptsegu,lixxbaoj,thiedell,mattmart,julimurg,davibind,fredbrea,franefer,dahahart,valeprin,apogee,antorayn,antoreyn,laurbuss,alixaith,colopeyr,mattlarr,lucibale,alixahad,alisgoug,sylvgiud,isabbail,auretour,chribous,cpreviconso,mathbiha,alaixxxx,gamedavi,penanico,mandthie,lestcyri,alphrako,saadhait,willbaye,davigame,nicopena,thiemand,cyrilest,daviperb,sylvmara,maurmfou,franguil,hassahma,nicoduch,edoudumo,hadrgoda,mamakebe,piersaik,ayhauyan,ftpenr,thiebarr,piermarq,damijean,gabrjouf,adribrou,cedrtheb,pmargibe,fabrducl,florkebe,gerapays,michtheo,manuruiz,paulgres,ftpenrrecette,ftpucte-rte,fredbien,topase,xinhzhan,martbuss,rudynoyo,marilixx,romafran,marjcoss,albeteje,jerebert,weixding,taresakk,basseche,gilbbitt,sebamarc,lassdans,gitlab,maxifort,ericmayi,frannico,lxxxamir,aurehave,thommand,franseri,hubepich,jeropiga,corexxxx,tangjans,lydipend,olivbeck,marcchia,philclau,vlixnguy,lionfigu,xaviblan,maxilaas,piergout,saidjuli,julisaid,samitazi,mohalafr,aurebrio,julivass,lucaberb,andramad,lucigarn,fabigour,thiebeno,titorobe,seifbtem,laurbern,clemstra,manthube,julisilw,mathfran,khaleaab,thomhegg,jeffpeti,guilparl,inesberb,jimmmich,naouel-a,hugodosx,stevmari,monibise,cedrrull,piergera,danipart,penaboss,fernrodr,mahdchek,mohaabba,sandbort,julisliw,bellamad,jlucbell,vinclaur,davigohe,carmcard,romaloss,dieydiao,thomguil,alixtaha,robihuar,fabiarav,araujose,raphjour,josearau,jereleud,alairegn,yichtang,jeanbert,thomnegr,clemcabo,waliboul,benothie,clemxuxx,louimull,charmore,sebafine,johndoex,chrinall,cedrdebo,gillbare,eugemare,thaigast,lucihenr,boubbrah,kevidugu,viktterr,chaojabo,teofcban,anthgron,kevibira,hugumahe,jabochao,stefcamp,seifkaro,maxihaue,martkraw,achrelma,imanhadd,previlab,lorebous,nicourai,nourkhat,nourkath,mariabad,mickcibo,juancmhi,antorosi,vincprot,lucxdgal,thibverm,gautbure,charpaye
GG-DES-LX-GIT_ANTARES_RPACKAGETD;rudynoyo,jalazawa,fredbrea,aclalege,colopeyr,baptsegu,nathgris,vincguya,dianbeld
GG-DES-LX-GIT_ANTARES_EDIT;michboul,michdoqu,jalazawa,sylvmara,guilpier,papandia,manuruiz,rudynoyo
GG-DES-LX-GIT_ANTARES_PIVOT;michboul,michdoqu,jalazawa,sylvmara,guilpier,papandia,manuruiz,rudynoyo
GG-DES-LX-GIT_ANTARES_OPT;michboul,michdoqu,jalazawa,sylvmara,guilpier,papandia,manuruiz,rudynoyo
GG-DES-LX-GIT_NODR;geofjamg,mathbagu,rudynoyo,marifunf,tangjans,
GG-DES-LX-GIT_POP;rudynoyo,manuruiz,jeanmaeg,xaviblan,patrpanc,hadrgoda,julisliw
GG-DES-LX-GIT_CONVERGENCE_MCO;danipart,gautplou,gilbbita,alixahad,laurdupr,laurbuss,aurebrio
GG-DES-LX-GIT_UTILITAIRES_METEO;colopeyr,piergout,rudynoyo,maxifort
GG-DES-LX-GROVSLCONV;gsr,pengwang
